command,category
"top -b -d2 -s1 | sed -e '1,/USERNAME/d' | sed -e '1,/^$/d'",系统性能监控
top -b -n 1 -u abc | awk 'NR>7 { sum += $9; } END { print sum; }',系统性能监控
"top -b -d 5 -n 2 | awk '$1 == ""PID"" {block_num++; next} block_num == 2 {sum += $9;} END {print sum}'",系统性能监控
top -n 1,系统性能监控
top -bn1 | grep zombie,系统性能监控
top -bn1 | sed -n '/Cpu/p',系统性能监控
"top -bn1 | grep zombie | awk '{print $4"" ""$6"" ""$8"" ""$10}'",系统性能监控
top -b -n1 -c,系统性能监控
top -b -n1 | grep processname,系统性能监控
top -n1 | sed 's/\(.*\)$/\1__CUSTOM_LINE_MARKER/g',系统性能监控
"top -bn1 | sed -n '/Cpu/p' | awk '{print $2}' | sed 's/..,//'",系统性能监控
"top -b -n1 | head -8 | tail -1 | awk '{ printf ""User: %s\nPID: %s\nCPU Usage: %s\nMEM Usage: %s\n"", $2,$1,$9,$10 }'",系统性能监控
top -b -n1 -c  | awk '/PID *USER/{print;getline;print}',系统性能监控
top -b -n1 -c  | grep -A 2 '^$',系统性能监控
top -u abc -d 30 -b -n 10,系统性能监控
"top -p $(pgrep -d',' http)",系统性能监控
"top -p ""$(pgrep -d ',' java)""",系统性能监控
"top -p `pgrep process-name | tr ""\\n"" "","" | sed 's/,$//'`",系统性能监控
"top -c -p $(pgrep -d',' -f string_to_match_in_cmd_line)",系统性能监控
top -c,系统性能监控
LINE=$(top -b -n 1 | tail -n +8 | head -n 1 | tr -s ' '),系统性能监控
OUTPUT=`top -b -n 1 | tail -n +8 | head -n 1`,系统性能监控
top –p $PID,系统性能监控
top -b -p `pidof a.out`,系统性能监控
top -b -p `pidof a.out` -n 100,系统性能监控
"top -p ""$(pgrep --newest ProgramName)""",系统性能监控
"top -p ""$(pgrep ProgramName | head -n 1)""",系统性能监控
top -p $(ps aux | awk '/ProgramName/ && ! /awk/ { print $2; exit; }'),系统性能监控
"top -p ""$(pgrep --oldest ProgramName)""",系统性能监控
"top -b -n 1 | mail -s ""any subject"" your_email@domain.com",系统性能监控
sudo cp mymodule.ko /lib/modules/$(uname -r)/kernel/drivers/,文件复制操作
cat /boot/config-`uname -r` | grep IP_MROUTE,文件查看操作
cat /boot/config-`uname -r`,文件查看操作
find /lib/modules/`uname -r` -regex .*perf.*,文件搜索操作
grep “HIGHMEM” /boot/config-`uname -r`,文件查看操作
cat /proc/2671/maps | grep `which tail`,文件查看操作
view /boot/config-$(uname -r),文件查看操作
sudo lsusb -t|less,文件查看操作
grep PROBES /boot/config-$(uname -r),文件查看操作
grep UTRACE /boot/config-$(uname -r),文件查看操作
grep ds1337 /lib/modules/`uname -r`/modules.alias,文件查看操作
sudo lsusb -v|less,USB设备查看操作
top -l 1  | grep $app_name,进程监控
top -l 1 -s 0 -stats mem -pid $PID,进程监控
top -l 1 -s 0 -i 1 -stats vprvt -pid $PID,进程监控
"sed -i ""s/\\\\\n//g"" filename",文件编辑操作
set -e,文件编辑操作
"perl -pi -e 'BEGIN { print ""A new line"" }' $(find . -name '*.py')",文件编辑操作
"for a in `find . -name '*.py'` ; do cp ""$a"" ""$a.cp"" ; echo ""Added line"" > ""$a"" ; cat ""$a.cp"" >> ""$a"" ; rm ""$a.cp"" ; done",文件编辑操作
find . -name \*.py -print0 | xargs -0 sed -i '1a Line of text here',文件编辑操作
find . -name \*.py | xargs sed -i '1a Line of text here',文件编辑操作
find ~ -type d -exec chmod +x {} \;,文件权限操作
rename 's/(.*)$/new.$1/' original.filename,文件重命名
rename 's/^/new./' original.filename,文件重命名
nl -s prefix file.txt | cut -c7-,行号编制
"nl -s ""prefix_"" a.txt | cut -c7-",行号编制
"find /volume1/uploads -name ""*.mkv"" -exec mv \{\} \{\}.avi \;",文件复制操作
"cat <(crontab -l) <(echo ""1 2 3 4 5 scripty.sh"") | crontab -",crontab 操作
crontab -e '123',crontab 操作
crontab -e,修改计划任务
ping google.com | xargs -L 1 -I '{}' date '+%c: {}',网络请求行为
"ping host | perl -nle 'print scalar(localtime), "" "", $_'",网络请求行为
nl -ba infile,行号编制
nl -ba long-file \,行号编制
"echo ""$string"" | nl -ba -s') '",文件编辑操作
crontab -l -u user | cat - filename | crontab -u user -,crontab 操作
cat file1 file2 | crontab,crontab 操作
crontab filename,crontab 操作
"pushd ""$HOME/Pictures""",目录切换
sudo chmod +x java_ee_sdk-6u2-jdk-linux-x64.sh,文件权限操作
chmod +x pretty-print,文件权限操作
chmod +x rr.sh,文件权限操作
chmod a+x ComputeDate col printdirections,文件权限操作
chmod +x *.sh,文件权限操作
chmod g+w $(ls -1a | grep -v '^..$'),文件权限操作
chmod g+w .[^.]* ..?*,文件权限操作
find . -maxdepth 0 -type f -exec chmod g+w {} ';',文件权限操作
chmod g+w * ...*,文件权限操作
nl -v1000001 file,行号编制
sed 's/3d3d/\n&/2g' temp | split -dl1 - temp,文件编辑操作
"for filename in *.jpg; do mv ""$filename"" ""prefix_$filename""; done;",文件重命名
"nl -s""^M${LOGFILE}>  """,行号编制
sudo chmod +rx $(which node),文件权限操作
find . -type d -exec chmod +rx {} \;,文件权限操作
"find . -name ""rc.conf"" -exec chmod o+r '{}' \;",文件权限操作
find . -type f -iname '*.txt' -print0 | xargs -0 mv {} {}.abc,文件权限操作
"find ~/dir_data -type d -exec chmod a+xr,u+w {} \;",文件权限操作
v=5 env|less,环境设置
TESTVAR=bbb env | fgrep TESTVAR,环境设置
pushd %Pathname%,目录切换
chmod +x $(brew --prefix)/etc/bash_completion,文件权限操作
"touch -d ""$(date -r filename) - 2 hours"" filename",文件编辑操作
"touch -d ""$(date -r ""$filename"") - 2 hours"" ""$filename""",文件编辑操作
alias cd-='cd $(history -p !!:1)',环境设置
"ssh -t example.com ""screen -r -X ls""",远程连接
"ssh -t example.com ""screen -r; ls""",远程连接
"ssh -t example.com ""screen -r""",远程连接
chmod a+x myscript.sh,文件权限操作
"chmod a+x $pathToShell""myShell.sh""",文件权限操作
sudo chmod u+s `which Xvfb`,文件权限操作
ssh -fL 127.0.0.1:someport:host.in.the.remote.net:22 proxy.host,远程端口转发
yes no | <command>,输入操作
yes 1 | command,输入操作
yes n | rm -ir dir1 dir2 dir3,输入操作
yes | cp * /tmp,输入操作
yes | rm -ri foo,输入操作
yes y | rm -ir dir1 dir2 dir3,输入操作
yes '| COUNTRY' | sed $(wc -l < file)q | paste -d ' ' file -,输入操作
"sed 's/.*/& Bytes/' ""$TEMPFILE"" | column -t",文件编辑操作
find -type f | xargs -I {} mv {} {}.txt,文件重命名
"echo -e ""1\n2\n3"" | sed 's/.*$/&<br\/>/'",文件编辑操作
sed 's/$/\r/g' input |od -c,文件编辑操作
echo 'deb blah ... blah' | sudo tee --append /etc/apt/sources.list > /dev/null,文件编辑操作
"awk 'NR==1 {print $0, ""foo"", ""bar""; next} {print $0, ($2==""x""?""-"":""x""), ($4==""x""?""-"":""x"")}' file | column -t",文件编辑操作
"find . -type f -name ""*.java"" | xargs tar rvf myfile.tar",文件搜索操作
find . -name -type f '*.mp3' -mtime -180 -print0 | xargs -0 tar rvf music.tar,文件搜索操作
"find . \( -iname ""*.png"" -o -iname ""*.jpg"" \) -print -exec tar -rf images.tar {} \;",文件搜索操作
"find . -mtime -1 -type f -exec tar rvf ""$archive.tar"" '{}' \;",文件搜索操作
"find . -mtime -1 -type f -print0 | xargs -0 tar rvf ""$archive.tar""",历史记录操作
history -a,历史记录操作
history -r .cwdhist,历史记录操作
history -r file.txt,历史记录操作
"LOGNAME=""`basename ""$0""`_`date ""+%Y%m%d_%H%M""`""",环境设置
"name=""$(date +'%d%m%Y-%H-%M')_$(whoami)""",环境设置
"LBUFFER+=""$(date)""",命令提示符设置
xhost +si:localuser:`whoami`,命令权限操作
"PROMPT_COMMAND='echo ""$(date +""%Y/%m/%d (%H:%M)"") $(history 1 |cut -c 7-)"" >> /tmp/trace'",命令执行操作
"KEY+=`date -r ""$arg"" +\ %s`",命令执行操作
"find . -name text.txt | sed 's|.*/\(.*\)/.*|sed -i ""s@^@\1 @"" & |' | sh",文件搜索操作
find dir -name image\*.jpg -exec /bin/ksh script.ksh {} \;,文件搜索操作
find . -type f -print0 | xargs -0 ./group.sed --separate,文件搜索操作
"find . -regex ""xxx-xxx_[a-zA-Z]+_[0-9]+_[0-9]+\.jpg$"" -exec ./rename.sh ""{}"" "";""",文件搜索操作
rsync -rvz -e 'ssh -p 2222' --progress ./dir user@host:/path,文件同步操作
rsync -av --copy-dirlinks --delete ../htmlguide ~/src/,文件同步操作
rsync -avh /home/abc/* /mnt/windowsabc,文件同步操作
rsync -a --stats --progress --delete /home/path server:path,文件同步操作
rsync -av /home/user1 wobgalaxy02:/home/user1,文件同步操作
"rsync -avz --progress local/path/some_file usr@server.com:""/some/path/""",文件同步操作
rsync -avzru --delete-excluded server:/media/10001/music/ /media/Incoming/music/,文件同步操作
rsync -avzru --delete-excluded /media/Incoming/music/ server:/media/10001/music/,文件同步操作
rsync -av --exclude '*.svn' user@server:/my/dir .,文件同步操作
rsync -avv source_host:path/to/application.ini ./application.ini,文件同步操作
"rsync -avz -e ""ssh -p $portNumber"" user@remote.host:/path/to/copy /local/path",文件同步操作
rsync -chavzP --stats user@remote.host:/path/to/copy /path/to/local/storage,文件同步操作
rsync -chavzP --stats /path/to/copy user@host.remoted.from:/path/to/local/storage,文件同步操作
rsync -avlzp user@remotemachine:/path/to/files /path/to/this/folder,文件同步操作
"rsync -av --rsync-path=""sudo rsync"" /path/to/files user@targethost:/path",文件同步操作
rsync -av /path/to/files user@targethost:/path,文件同步操作
"rsync -azP -e ""ssh -p 2121"" /path/to/files/source user@remoteip:/path/to/files/destination",文件同步操作
rsync -avlzp /path/to/sfolder name@remote.server:/path/to/remote/dfolder,文件同步操作
rsync -aHvz /path/to/sfolder name@remote.server:/path/to/remote/dfolder,文件同步操作
rsync -aHvz /path/to/sfolder/ name@remote.server:/path/to/remote/dfolder,文件同步操作
rsync -avz --ignore-existing /source folder/* user@remoteserver:/dstfolder/,文件同步操作
rsync -ravz /source/backup /destination,文件同步操作
rsync -a --relative /top/a/b/c/d remote:/,文件同步操作
rsync --progress -avhe ssh /usr/local/  XXX.XXX.XXX.XXX:/BackUp/usr/local/,文件同步操作
"rsync -rave ""ssh -i /home/test/pkey_new.pem"" /var/www/test/ ubuntu@231.210.24.48:/var/www/test",文件同步操作
rsync -av <SOURCE_DIR> rsyncuser@192.168.1.110:/srv/www/prj112/myfolder,文件同步操作
rsync -aqz _vim/ ~/.vim,文件同步操作
rsync -aqz _vimrc ~/.vimrc,文件同步操作
rsync -a --delete blanktest/ test/,文件同步操作
rsync -aPSHiv remote:directory .,文件同步操作
rsync -ave ssh fileToCopy ssh.myhost.net:/some/nonExisting/dirToCopyTO,文件同步操作
rsync -avR foo/bar/baz.c remote:/tmp/,文件同步操作
rsync -a myfile /foo/bar/,文件同步操作
rsync -vuar --delete-after path/subfolder/ path/,文件同步操作
rsync -a --exclude .svn path/to/working/copy path/to/export,文件同步操作
rsync -avR somedir/./foo/bar/baz.c remote:/tmp/,文件同步操作
"rsync -azP -e ""ssh -p PORT_NUMBER"" source destination",文件同步操作
rsync -rvz --chmod=ugo=rwX -e ssh source destination,文件同步操作
rsync -avz --rsh='ssh -p3382' source root@remote_server_name:/opt/backups,文件同步操作
rsync -avz --chmod=ug=rwx --chmod=o=rx -e ssh src dest,文件同步操作
rsync -a -v src dst,文件同步操作
rsync -a -v --ignore-existing src dst,文件同步操作
rsync -av --delete src-dir remote-user@remote-host:dest-dir,文件同步操作
rsync -avz foo:src/bar /data/tmp,文件同步操作
rsync -azvu -e ssh user@host1:/directory/ user@host2:/directory2/,文件同步操作
"rsync -avz -e ""ssh -p $portNumber"" user@remoteip:/path/to/files/ /local/path/",文件同步操作
find /var/www/* -type d -print | tar -zcpvf {}.tar.gz -C /var/www/ --files-from - {} \;,文件打包操作
rsync -aP --include=*/ --include=*.txt --exclude=* . /path/to/dest,文件同步操作
find *.1  -exec tar czf '{}.tgz' '{}' --remove-files \;,文件打包操作
find . -name \*.xml | grep -v /workspace/ | tr '\n' '\0' | xargs -0 tar -cf xml.tar,文件打包操作
"find . -type f -name ""*html"" | xargs tar cvf htmlfiles.tar -",文件打包操作
"find /path/to/directory/* -maxdepth 0 -type d -printf ""%P\n"" -exec sudo tar -zcpvf {}.tar.gz {} \;",文件打包操作
find /path/* -maxdepth 0 -type d -exec sudo tar -zcpvf {}.tar.gz {} \;,文件打包操作
"find -x data -name ""filepattern-*2009*"" -print0 | tar --null --no-recursion -uf 2009.tar --files-from -",文件打包操作
"find data -xdev -name ""filepattern-*2009*"" -print0 | tar --null --no-recursion -uf 2009.tar --files-from -",文件打包操作
"find data/ -name ""filepattern-*2009*"" | cpio -ov --format=ustar > 2009.tar",文件打包操作
find data/ -name 'filepattern-*2009*' -exec tar uf 2009.tar '{}' +,文件打包操作
find data/ -name filepattern-*2009* -exec tar uf 2009.tar {} ;,文件打包操作
find data/ -name filepattern-*2009* -print0 | xargs -0 tar uf 2009.tar,文件打包操作
"rsync -a -f""+ info.txt"" -f""+ data.zip"" -f'-! */' folder1/ copy_of_folder1/",文件同步操作
rsync -vaut ~/.env* ~/.bash* app1:,文件同步操作
"rsync -av --files-from=- --rsync-path=""sudo rsync"" /path/to/files user@targethost:/path",文件同步操作
find data/ -print0 | tar --null -T - --create -f archive.tar,文件打包操作
find data/ -print0 | tar -T - --null --create -f archive.tar,文件打包操作
find ./* | cpio -o > arch.cpio,文件打包操作
tar -cvf - data/* | gzip > data.tar.gz,文件打包操作
rsync -av remote_host:'$(find logs -type f -ctime -1)' local_dir,文件同步操作
"rsync -auve ""ssh -p 2222"" . me@localhost:/some/path",文件同步操作
rsync -av . server2::sharename/B,文件同步操作
rsync -az --delete /mnt/data/ /media/WD_Disk_1/current_working_data/;,文件同步操作
rsync symdir/ symdir_output/ -a --copy-links -v,文件同步操作
rsync -avz tata/ tata2/,文件同步操作
rsync -avR $i /iscsi;,文件同步操作
rsync -av $myFolder .,文件同步操作
bzip2 -c file | tee -a logfile,文件同步操作
"rsync -a --filter=""-! */"" sorce_dir/ target_dir/",文件同步操作
rsync -a /mnt/source-tmp /media/destination/,文件同步操作
"rsync -avz --rsh=""ssh -p$2"" key.pub $1:~/.ssh/key.pub",文件同步操作
"find ""$(pwd -P)"" -type d \( -path '/path/to/dir1' -or -path '/path/to/dir2' \) -prune  -or -not \( -path '/path/to/file1' -or -path '/path/to/file2' \) -print0 | gnutar --null --no-recursion -czf archive.tar.gz --files-from -",文件打包操作
sudo rsync -az user@10.1.1.2:/var/www/ /var/www/,文件同步操作
rsync -av --progress sourcefolder /destinationfolder --exclude thefoldertoexclude,文件同步操作
rsync -av --progress --exclude=*.VOB --exclude=*.avi --exclude=*.mkv --exclude=*.ts --exclude=*.mpg --exclude=*.iso --exclude=*ar --exclude=*.vob --exclude=*.BUP --exclude=*.cdi --exclude=*.ISO --exclude=*.shn --exclude=*.MPG --exclude=*.AVI --exclude=*.DAT --exclude=*.img --exclude=*.nrg --exclude=*.cdr --exclude=*.bin --exclude=*.MOV --exclude=*.goutputs* --exclude=*.flv --exclude=*.mov --exclude=*.m2ts --exclude=*.cdg --exclude=*.IFO --exclude=*.asf --exclude=*.ite /media/2TB\ Data/data/music/* /media/wd/network_sync/music/,文件同步操作
find .. -type d -print0 | xargs -0 tar cf dirstructure.tar --no-recursion,文件打包操作
find backup/ -type d -print0 | xargs -0 tar cf directory-structure.tar --no-recursion,文件打包操作
find backup/ -type d | tar cf directory-structure.tar -T - --no-recursion,文件打包操作
find backup/ -type d | xargs tar cf directory-structure.tar --no-recursion,文件打包操作
find . -type d |xargs tar rf /somewhereelse/whatever-dirsonly.tar --no-recursion,文件打包操作
find . -type d -print0 | tar cf directory-structure.tar --null --files-from - --no-recursion,文件打包操作
find . -type d -print0 | tar cf dirstructure.tar --null --files-from - --no-recursion,文件打包操作
find / -print0 | tar -T- --null --no-recursive -cjf tarfile.tar.bz2,文件打包操作
find / -print0 | xargs -0 tar cjf tarfile.tar.bz2,文件打包操作
"tar -czf /fss/fi/outfile.tar.gz `find /fss/fin -d 1 -type d -name ""*"" -print`",文件打包操作
sudo crontab -e -u apache,crontab 操作
screen -S 'name' 'application',应用程序操作
screen -S foo,应用程序操作
screen -S lynx lynx,应用程序操作
screen -r 'name',应用程序操作
find . -type f -print0 | xargs -0 chmod 644,文件权限操作
find . -type d -print0 | xargs -0 chmod 755,文件权限操作
"alias rm100m=""find / -type f -name *.tar -size +100M -exec rm -i {} \;""",命令别名操作
"alias rm1g=""find / -type f -name *.tar -size +1G -exec rm -i {} \;""",命令别名操作
"alias rm2g=""find / -type f -name *.tar -size +2G -exec rm -i {} \;""",命令别名操作
"alias rm5g=""find / -type f -name *.tar -size +5G -exec rm -i {} \;""",命令别名操作
"alias rmc=""find . -iname core -exec rm {} \;""",命令别名操作
ifconfig eth0 hw ether 00:80:48:BA:d1:30,网络设置操作
screen -xr 14313,应用程序操作
tmux attach -t test1,终端会话操作
tmux attach -t <session name>,终端会话操作
scp -p /home/reportuser/dailyReport.doc root@localhost:/root/dailyReports/20150105/,文件传输操作
scp -o StrictHostKeyChecking=no root@IP:/root/K,文件传输操作
"scp -rp ""DAILY_TEST_FOLDER"" ""root@${IPADDRESS}:/home/root/""",文件传输操作
"sshpass -p ""YOUR_PASSWORD"" ssh -o StrictHostKeyChecking=no YOUR_USERNAME@SOME_SITE.COM",远程登录操作
"sshpass -p ""YOUR_PASSWORD"" ssh -o StrictHostKeyChecking=no YOUR_USERNAME@SOME_SITE.COM:2400",远程登录操作
yes | sudo rpm -Uvh https://mirror.webtatic.com/yum/el6/latest.rpm,软件包操作
yes 1 | script -c 'aspell check text.txt' /dev/null,输入操作
yes 0 | script -c 'ispell text.txt' /dev/null,输入操作
yes 0 | script -c 'ispell text.txt' out.txt,输入操作
"find /etc -name ""*.txt"" | xargs -I {} mv {} {}.bak",文件搜索操作
"find /etc -print0 -name ""*.txt"" | xargs -I {} -0 mv {} {}.bak",文件搜索操作
"mysqldump -e --user=username --password=pswd database | gzip | uuencode my-dbbackup.`date +""\%Y-\%m-\%d""`.gz | mail me@domain.com",数据库备份操作
"screen -L bash -c '(while :; do tail ~/screenlog.0 | grep -o ""[0-9]*%"" | tail -1; done | zenity --progress --auto-close &); 7z a ""output.zip"" ""/path/to/input""'",应用程序操作
"find -name ""*.php"" –exec cp {} {}.bak \;",文件搜索操作
"find . -name ""*.java"" -exec cp {} {}.bk \;",文件搜索操作
find -depth -printf '%m:%u:%g:%p\0' >saved-permissions,文件搜索操作
mount --bind /tmp/fakerandom /dev/random,文件挂载操作
mount --bind /original/path /new/path,文件挂载操作
mount --bind /something /new_something,文件挂载操作
ifconfig eth0 down,网络设置操作
"find /usr/local/svn/repos/ -maxdepth 1 -mindepth 1 -type d -printf ""%f\0"" | xargs -0 -I{} echo svnadmin hotcopy /usr/local/svn/repos/\{\} /usr/local/backup/\{\}",文件搜索操作
"yes '' | ruby -e ""$(curl -fsSL https://raw.github.com/Homebrew/homebrew/go/install)""",网络下载操作
"find . -type f | while read f; do g=`md5sum $f | awk '{print $1}'`; echo ""$g $f""> $f-$g.md5; done",文件搜索操作
find . -type f | while read f; do g=`md5sum $f` > $f.md5; done,文件搜索操作
find . -type f -exec md5sum {} \; > MD5SUMS,文件搜索操作
md5sum *.java | awk '{print $1}' | sort | uniq -d,文件搜索操作
find . -type f -exec md5sum \{\} \;,文件搜索操作
find . | xargs md5sum,文件搜索操作
"FILE=""/tmp/command_cache.`echo -n ""$KEY"" | md5sum | cut -c -10`""",环境设置
"md5=$(echo ""$line""|md5sum)",环境设置
checksum=`md5sum /etc/localtime | cut -d' ' -f1`,环境设置
ls -alR -I dev -I run -I sys -I tmp -I proc /path | md5sum -c /tmp/file,文件查看操作
cpio -i -e theDirname | md5sum,文件查看操作
"echo -n """" | md5sum",MD5哈希计算操作
echo -n | md5sum,MD5哈希计算操作
"md5sum ""$ecriv""",MD5哈希计算操作
md5=$(md5sum $item | cut -f1 -d\ ),MD5哈希计算操作
"md5=""$(md5sum ""${my_iso_file}"")""",MD5哈希计算操作
md5=`md5sum ${my_iso_file} | cut -b-32`,MD5哈希计算操作
"md5sum ""$source_file"" ""$dest_file""",MD5哈希计算操作
"find ""$path"" -type f -print0 | sort -z | xargs -r0 md5sum | md5sum",MD5哈希计算操作
md5sum main.cpp*,MD5哈希计算操作
md5sum <(zcat /tmp/tst.gz) <(bzcat /tmp/tst.bz2) <(lzcat /tmp/tst.lzma) <(xzcat /tmp/tst.xz),MD5哈希计算操作
find //path/to/source/Directory -type f -exec md5sum {} + | awk '{print $0}' > Output.txt,MD5哈希计算操作
find path/to/folder -type f -print0  | sort -z | xargs -0 sha1sum; find path/to/folder \( -type f -o -type d \) -print0 | sort -z | xargs -0 stat -c '%n %a' | sha1sum,MD5哈希计算操作
find path/to/folder -type f -print0 | sort -z | xargs -0 cat | sha1sum,MD5哈希计算操作
find path/to/folder -type f -print0 | sort -z | xargs -0 sha1sum | sha1sum,MD5哈希计算操作
find path/to/folder -type f -print0 | xargs -0 sha1sum | sha1sum,MD5哈希计算操作
echo -n teststring | gzip -1 | pigz -lv,文件压缩操作
"echo -n teststring | gzip -1 | tail -c 8 | head -c 4 | hexdump -e '1/4 ""%08x"" ""\n""'",文件压缩操作
"seq -s ""*"" 1 500 |bc",数学计算操作
SUM=$(tree | md5sum),MD5哈希计算操作
"echo ""a"" | md5sum",MD5哈希计算操作
echo -n 'exampleString' | md5sum,MD5哈希计算操作
"echo -n ""logdir"" | md5sum - | awk '{print $1}'",MD5哈希计算操作
"echo ""password"" | md5sum",MD5哈希计算操作
cat submission.cpp | astyle -bj | cpp - | md5sum,MD5哈希计算操作
"echo -n ""yourstring"" |md5sum",MD5哈希计算操作
"grep -ar -e . --include=""*.py"" /your/dir | md5sum | cut -c-32",MD5哈希计算操作
cat *.py | md5sum,MD5哈希计算操作
grep -ar -e . /your/dir | md5sum | cut -c-32,MD5哈希计算操作
grep -aR -e . /your/dir | md5sum | cut -c-32,MD5哈希计算操作
find -maxdepth 1 -type f -exec md5sum {} \; | sed 's/[^(]*(\([^)]*\)) =/\1/',MD5哈希计算操作
find -maxdepth 1 -type f -exec md5sum {} \; | awk '{s=$2; $2=$1; $1=s;}1',MD5哈希计算操作
"ls -p | grep -v / | xargs md5sum | awk '{print $2,$1}'",MD5哈希计算操作
find . -name '.svn' -prune -o -type f -printf '%m%c%p' | md5sum,MD5哈希计算操作
"find /path -type f -name ""*.py"" -exec md5sum ""{}"" +;",MD5哈希计算操作
echo -n -e '\x61' | md5sum,MD5哈希计算操作
cat $FILES | md5sum,MD5哈希计算操作
find /path -type f | sort -u | xargs cat | md5sum,MD5哈希计算操作
cat $(echo $FILES | sort) | md5sum,MD5哈希计算操作
"md5sum filename |cut -f 1 -d "" """,MD5哈希计算操作
find . -maxdepth 1 -type f | md5sum,MD5哈希计算操作
"find ""$path"" -type f -print0 | sort -z | xargs -r0 md5sum | md5sum",MD5哈希计算操作
du -csxb /path | md5sum -c file,MD5哈希计算操作
find /path/to/dir/ -type f -name *.py -exec md5sum {} + | awk '{print $1}' | sort | md5sum,MD5哈希计算操作
tar c dir | md5sum,MD5哈希计算操作
"find -iname ""MyCProgram.c"" -exec md5sum {} \;",MD5哈希计算操作
"find /path/to/dir/ -type f -name ""*.py"" -exec md5sum {} + | awk '{print $1}' | sort | md5sum",MD5哈希计算操作
md5sum $(which cc),MD5哈希计算操作
md5sum $(which gcc),MD5哈希计算操作
md5sum `which c++`,MD5哈希计算操作
<files.txt  xargs stat -c %s | paste -sd+ - | bc,文件大小计算
echo foo | tee >(sha1sum) >(md5sum),MD5哈希计算操作
"octave -q --eval 'printf (""%f\n"", sin([0:0.1:pi/2]))'|nl|tee y.txt",文件编辑操作
"seq -5 10 | xargs printf ""- - %s"" | xargs  | bc",数学计算操作
seq -s+ -5 10 | bc,数学计算操作
seq 10 | jq -s 'add',数学计算操作
seq 10 | tr '[\n]' '+' | sed -e 's/+/ + /g' -e's/ + $/\n/' | xargs expr,数学计算操作
seq 10|jq -s add,数学计算操作
seq 100000 | paste -sd+ | bc -l,数学计算操作
ipcs -mb | awk 'NR > 3 { print $7 }' | paste -sd+ | bc,内存大小计算
cat /file/with/numbers | php -r '$s = 0; while (true) { $e = fgets(STDIN); if (false === $e) break; $s += $e; } echo $s;',文件查看操作
"alias memu=""ps -u $(whoami) -o pid,rss,command | awk '{print \$0}{sum+=\$2} END {print \""Total\"", sum/1024, \""MB\""}'""",命令别名操作
"find ""$PWD"" / -iname '*.jpg' -exec du -s {} + | sed ""s/^/$(hostname): /""",文件搜索操作
"find . -name ""*jpg"" -exec du -k {} \; | awk '{ total += $1 } END { print total/1024 "" Mb total"" }'",文件搜索操作
"find . -type f -iname ""*.jpg"" -ls | awk 'BEGIN {print ""0""}; {print $7, ""+""}; END {print ""p""}' | dc",文件搜索操作
"octave -q --eval 'printf (""%f\n"", [0:0.1:pi/2])'|nl|tee x.txt",文件编辑操作
depth=$(pstree -sA $processid | head -n1 | sed -e 's#-+-.*#---foobar#' -e 's#---*#\n#g' -eq | wc -l),环境设置
"find . –iname ""error"" –print ( -i is for ignore )  find . –iname ""error"" –print ( -i is for ignore )",文件搜索操作
env | grep -i shell,环境设置
cat report.txt | grep -i error | more,文件查看操作
screen -D -m yourEvilProgram,应用程序操作
rename -v 's/\.JPG/\.jpeg/' *.JPG,文件重命名
crontab -l | sed '/anm\.sh/s#\/5#\/10#' | crontab -,crontab 操作
"crontab -l | sed '/anm\.sh/s,^\*/5,*/10,' | crontab -",crontab 操作
sudo find ./bootstrap/cache/ -type d -exec chown apache:laravel {} \;,文件搜索操作
sudo find ./storage/ -type d -exec chown apache:laravel {} \;,文件搜索操作
find htdocs -type f -exec chmod 664 {} + -o -type d -exec chmod 775 {} +,文件搜索操作
find ~ -group vboxusers -exec chown kent:kent {} \;,文件搜索操作
find . \( \! -user xx -exec chown -- xx '{}' + -false \),文件搜索操作
sudo find /var/www -nouser -exec chown root:apache {} \;,文件搜索操作
"echo ',s/foo/bar/g; w' | tr \; '\012' | ed -s file.txt",文件编辑操作
source <(export | sed 's/gcc.4.2/gcc64/g'),环境设置
"cd -P ""$dir1""",目录切换
cd /lib/modules/$(uname -r)/,目录切换
cd  /path/to/pdf,目录切换
cd -L ..,目录切换
cd $(dirname $(dirname $(which perl)))/lib,目录切换
"cd ""$(find . -print0 | sort -z | tr '\0' '\n' | tail -1)""",目录切换
cd $(basename $1 .tar.gz),目录切换
cd /home/`whoami`,目录切换
"cd ""$(dirname ""$1"")""",目录切换
"cd ""$(dirname $(which oracle))""",目录切换
cd $(dirname $(which oracle)),目录切换
cd $(dirname `which oracle`),目录切换
cd $(dirname $(which $0) ),目录切换
cd $(which oracle | xargs dirname),目录切换
"cd ""$(grep DOWNLOAD $HOME/.config/user-dirs.dirs | cut -f 2 -d ""="" | tr ""\"""" ""\n"" | tr -d ""\n"")""",目录切换
"cd ""$(grep DOWNLOAD $HOME/.config/user-dirs.dirs | cut -f 2 -d ""="" | tr ""\"""" ""\n"")""",目录切换
"cd $( ~/marker.sh go ""$@"" )",目录切换
cd $(dirname $(readlink -f $0)),目录切换
cd $(readlink /proc/$PID/cwd),目录切换
cd $(readlink -f $(dirname $0)),目录切换
cd,目录切换
sudo  find /var/www/html/ -type d -exec chmod 775 {} \;,文件权限操作
sudo  find /var/www/html/ -type f -exec chmod 664 {} \;,文件权限操作
"find . -name ""*.css"" -exec sed -i -r 's/#(FF0000|F00)\b/#0F0/' {} \;",文件编辑操作
chown -v root:root /path/to/yourapp,文件权限操作
find /path/to/directory -type f -exec chmod 644 {} +,文件权限操作
cd $(dirname $(readlink -f $0)),目录切换
find / -group 2000 -exec chgrp -h foo {} \;,文件搜索操作
chsh -s $(which zsh),更改shell
find . -name '*.php' -exec chmod 755 {} \; | tee logfile.txt,文件权限操作
chown user_name file,文件权限操作
sudo chown root:wheel com.xxxx.adbind.plist,文件权限操作
chown root:root script.sh,文件权限操作
chown user_name folder,文件权限操作
sudo chown el my_test_expect.exp,文件权限操作
chown $1:httpd .htaccess,文件权限操作
"chown $FUID:$FGID ""$FILE2""",文件权限操作
"chown -- ""$user:$group"" ""$file""",文件权限操作
sudo chown bob:sftponly /home/bob/writable,文件权限操作
sudo chown root:dockerroot /var/run/docker.sock,文件权限操作
sudo chown root:wheel adbind.bash,文件权限操作
sudo chown root:wheel bin,文件权限操作
sudo chown root:www-data /foobar/test_file,文件权限操作
sudo chown `whoami` /data/db,文件权限操作
sudo chown `whoami` /vol,文件权限操作
find /path/to/look/in/ -type d -name '.texturedata' -exec chmod 000 {} \; -prune,文件权限操作
find /path/to/look/in/ -type d -name '.texturedata' -prune -print0 | xargs -0 chmod 000,文件权限操作
"find ""$d/"" -type d -print0 | xargs -0 chmod 755",文件权限操作
find -perm 777 | xargs -I@ sudo chmod 755 '@',文件权限操作
"find . -name ""*.php"" -exec chmod 755 {} \;",文件权限操作
"find . -name ""*.php"" -exec chmod 755 {} + -printf '.' | wc -c",文件权限操作
"find . -name ""*.php"" -exec chmod 755 {} \; -exec /bin/echo {} \; | wc -l",文件权限操作
chmod 444 .bash_logout .bashrc .profile,文件权限操作
sudo chmod 755 .git/hooks/pre-commit,文件权限操作
sudo chmod 777 .git/hooks/prepare-commit-msg,文件权限操作
sudo chmod 755 /dvtcolorconvert.rb,文件权限操作
chmod 777 /usr/bin/wget,文件权限操作
sudo chmod 755 mksdcard,文件权限操作
find . -type d -exec chmod 755 {} +,文件权限操作
"find ~/dir_data -type d -exec chmod a+xr,u+w {} \;",文件权限操作
find ./debian -type d | xargs chmod 755,文件权限操作
"find . -name ""*.php"" -exec chmod 755 {} + -printf '.' | wc -c",文件权限操作
"find . -name ""*.php"" | pv --line-mode | xargs chmod 755",文件权限操作
find . -name '*.php' -exec chmod 755 {} \; -exec echo '+' \;,文件权限操作
"find . -name ""*.php"" -exec chmod 755 {} \; -exec /bin/echo {} \; | wc -l",文件权限操作
find . -type f -exec chmod 644 {} +,文件权限操作
"find ~/dir_data -type f -exec chmod a-x,u+w {} \;",文件权限操作
chmod 555 /home/sshtunnel/,文件权限操作
"find /path -type d -exec chmod 0755 ""{}"" \;",文件权限操作
find /path -type d -exec chmod 0755 {} \;,文件权限操作
find /path -type d | xargs chmod 0755,文件权限操作
find . -type f -exec chmod 500 {} ';',文件权限操作
"find . -name ""*.rb"" -type f -exec chmod 600 {} \;",文件权限操作
"find /usr/local -name ""*.html"" -type f -exec chmod 644 {} \;",文件权限操作
find /path/to/someDirectory -type d -print0 | xargs -0 sudo chmod 755,文件权限操作
find . -type f | xargs -I{} chmod -v 644 {},文件权限操作
find . -type f | xargs chmod -v 644,文件权限操作
find ./ -type f -print0 | xargs -t -0 chmod -v 644,文件权限操作
"find . -type f -print | sed -e 's/^/""/' -e 's/$/""/' | xargs chmod 644",文件权限操作
find /path/to/someDirectory -type f -print0 | xargs -0 sudo chmod 644,文件权限操作
find /path/to/dir/ -type f -print0 | xargs -0 chmod 644,文件权限操作
find /path/to/dir ! -perm 0644 -exec chmod 0644 {} \;,文件权限操作
find /path/to/dir/ -type f ! -perm 0644 -print0 | xargs -0 chmod 644,文件权限操作
find . -type d -print0|xargs -0 chmod 644,文件权限操作
find . -perm 755 -exec chmod 644 {} \;,文件权限操作
find . -type f -perm 755 -exec chmod 644 {} \;,文件权限操作
find . -type f -name '*.php' -exec chmod 644 {} \;,文件权限操作
find . -type f -exec chmod 644 {} \;,文件权限操作
find . -mindepth 1 -type d | xargs chmod 700,文件权限操作
find . -mindepth 2 | xargs chmod 700,文件权限操作
find /path/to/dir -type d -exec chmod 755 {} \;,文件权限操作
find . -type d | xargs chmod -v 755,文件权限操作
"find . -type d -print | sed -e 's/^/""/' -e 's/$/""/' | xargs chmod 755",文件权限操作
find . -type d -exec chmod 755 {} \;,文件权限操作
find . -type d -exec chmod 777 {} \;,文件权限操作
"find . -type f -exec chmod u=rw,g=r,o= '{}' \;",文件权限操作
"find . -type f -exec chmod u=rw,g=r,o= '{}' \;",文件权限操作
"find . -type d -exec chmod u=rwx,g=rx,o= '{}' \;",文件权限操作
"find . -type d -exec chmod u=rwx,g=rx,o= '{}' \;",文件权限操作
"find htdocs cgi-bin -name ""*.cgi"" -type f -exec chmod 755 {} \;",文件权限操作
find . -type f -exec sed -i 's/searc/replace/g' {} \;,文件编辑操作
cp --remove-destination $(readlink $f) $f,文件复制操作
"find . -type f  -name '*.java' -exec sh -c 'iconv -f cp1252 -t utf-8 ""$1"" > converted && mv converted ""$1""' -- {} \;",文件搜索操作
"find . -name ""*.txt"" | sed ""s/\.txt$//"" | xargs -i echo mv {}.txt {}.bak | sh",文件搜索操作
chown :friends myfile,文件权限操作
"find . -type d | sed -e 's/\.\///g' -e 's/\./avoid/g' | grep -v avoid | awk '{print $1""\t""$1}' | xargs chgrp",文件编辑操作
"find . -type d | sed -e 's/\.\///g' | awk '{print $1, $1}' | xargs chgrp",文件编辑操作
find . -group root -print | xargs chgrp temp,文件搜索操作
chown root:root it,文件权限操作
sudo chown root:root testfile.txt,文件权限操作
sudo chown root:root uid_demo,文件权限操作
chown $JBOSS_USER $JBOSS_CONSOLE_LOG,文件权限操作
sudo chown nobody /var/www/html/mysite/images/,文件权限操作
sudo chown nobody /var/www/html/mysite/tmp_file_upload/,文件权限操作
chown user destination_dir,文件权限操作
sudo chown root process,文件权限操作
"find /mydir -type f -name ""*.txt"" -execdir chown root {} ';'",文件权限操作
ls /empty_dir/ | xargs -L10 chown root,文件权限操作
ls /empty_dir/ | xargs -n10 chown root,文件权限操作
find . -not -iwholename './var/foo*' -exec chown www-data '{}' \;,文件权限操作
find dir_to_start -name dir_to_exclude -prune -o -print0 | xargs -0 chown owner,文件权限操作
"find dir_to_start -not -name ""file_to_exclude""  -print0 | xargs -0 chown owner",文件权限操作
chown ${JBOSS_USER}: $(dirname $JBOSS_PIDFILE) || true,文件权限操作
sudo chown hduser:hadoop {directory path},文件权限操作
chown owner:nobody public_html,文件权限操作
chown root:specialusers dir1,文件权限操作
chown user:group file ...,文件权限操作
sudo chown root. /etc/udev/rules.d/51-android.rules,文件权限操作
sudo chown root /home/bob,文件权限操作
sudo chown root file.sh,文件权限操作
find . -user aluno1 -exec chown aluno2 {},文件权限操作
find -user root -exec chown www-data {} \;,文件权限操作
find . -exec chown myuser:a-common-group-name {} +,文件权限操作
find -x / -user george -print0 | xargs -0 chown eva,文件权限操作
find . -type d -user harry -exec chown daisy {} \;,文件权限操作
find . -type f -exec chmod 644 {} \;,文件权限操作
find . -type f -exec chmod 0644 {} +,文件权限操作
find . -type f -exec chmod 0644 {} \;,文件权限操作
find . -type d -exec chmod 0755 {} \;,文件权限操作
find . -type f | xargs -I{} chmod -v 644 {},文件权限操作
find . -type f | xargs chmod -v 644,文件权限操作
find . -type d | xargs chmod -v 755,文件权限操作
find /var/ftp/mp3 -name '*.mp3' -type f -exec chmod 644 {} \;,文件权限操作
find . -maxdepth 1 -type d -exec chmod -R 700 {} \;,文件权限操作
find . -type d -exec chmod 755 {} \;,文件权限操作
touch -h somesymlink,文件编辑操作
find /var/www -print0 | xargs -0 chown www-data:www-data,文件权限操作
find . -type d -user harry -exec chown daisy {} \;,文件权限操作
cd foo | cat,目录切换
cd -P xyz,目录切换
cd `cat $HOME/.lastdir`,目录切换
"cd ""$(dirname ""$(which oracle)"")""",目录切换
"cd ""$(dirname $(which oracle))""",目录切换
cd $(dirname $(which oracle)),目录切换
cd $(dirname `which oracle`),目录切换
cd $(which oracle | xargs dirname),目录切换
cd `dirname $TARGET_FILE`,目录切换
cd -P ..,目录切换
"cd ""$(dirname ""$(which oracle)"")""",目录切换
cd `which <file> | xargs dirname`,目录切换
cd `dirname $(which python)`,目录切换
"cd ""$TAG""",目录切换
find / -user 1005 -exec chown -h foo {} \;,文件权限操作
chown amzadm.root  /usr/bin/aws,文件权限操作
chgrp btsync /etc/btsync/[prefered conf name].conf,文件权限操作
chgrp www-data /home/www-user/php_user.sh,文件权限操作
chgrp forge /var/run/fcgiwrap.socket,文件权限操作
chgrp loggroup logdir,文件权限操作
chgrp groupb myprog,文件权限操作
"chgrp ""${USER}"" myprogram",文件权限操作
chgrp god public private,文件权限操作
chgrp pub public,文件权限操作
chgrp Workers shared,文件权限操作
chgrp target_group target_directory,文件权限操作
sudo chgrp gpio /sys/class/gpio/export /sys/class/gpio/unexport,文件权限操作
chgrp,文件权限操作
cd $(dirname $(which ssh));,目录切换
"find . -type f -iname ""*.txt"" -print | xargs grep ""needle""",文件搜索操作
"find . -type f -iname ""*.txt"" -print0 | xargs -0 grep ""needle""",文件搜索操作
"ssh -q $HOST [[ -f $FILE_PATH ]] && echo ""File exists"" || echo ""File does not exist"";",远程连接
od -t x2 -N 1000 $file | cut -c8- | egrep -m1 -q ' 0d| 0d|0d$',文件编辑操作
mount -l | grep 'type nfs' | sed 's/.* on \([^ ]*\) .*/\1/' | grep /path/to/dir,文件编辑操作
"ssh remote_host test -f ""/path/to/file"" && echo found || echo not found",远程连接
"ssh host ""test -e /path/to/file""",远程连接
"AMV=$(mount -l | grep ""\[$VLABEL\]"")",环境设置
diff <(ssh server1 'rpm -qa | sort') <(ssh server2 'rpm -qa | sort'),远程连接
mount | grep -q ~/mnt/sdc1,文件挂载操作
"df $path_in_question | grep "" $path_in_question$""",磁盘操作
is_nullglob=$( shopt -s | egrep -i '*nullglob' ),环境设置
tmux show-environment -g | grep RBENV,终端会话操作
tmux show-environment -t sessname | grep RBENV,终端会话操作
[[ $(find /path/to/file -type f -size +51200c 2>/dev/null) ]] && echo true || echo false,文件搜索操作
tmux show-environment | grep RBENV,终端会话操作
mount |grep nfs,文件挂载操作
mount | grep $(readlink -f /dev/disk/by-uuid/$UUID ),文件挂载操作
mount | grep $(blkid -U '09b8f1ab-8d4b-4c5f-b395-40be09c090b0'),文件挂载操作
mount | grep $(blkid -U '09b8f1ab-8d4b-4c5f-b395-40be09c090b0') | grep '/media/WD_Disk_1 ',文件挂载操作
"[ `md5sum $(which c++) | cut -d' ' -f1` == `md5sum $(which g++) | cut -d' ' -f1` ] && echo Yes, equal content || echo No, unequal content",MD5哈希计算操作
cat *.txt | sort | sort -u -c,文件查看操作
pstree --show-parents -p $$ | head -n 1 | sed 's/\(.*\)+.*/\1/' | wc -l,进程操作
uname -m | grep '64',查看系统信息
"find ""$some_dir"" -prune -empty -type d | read && echo empty || echo ""not empty""",文件搜索操作
"find ""`echo ""$some_dir""`"" -maxdepth 0 -empty",文件搜索操作
"[[ ""$(find . -maxdepth 1 -cmin +60 -name file)"" = """" ]] && echo ""old""",文件搜索操作
kill -0 1,kill相关操作
"find ""$somedir"" -maxdepth 0 -empty -exec echo {} is empty. \;",文件搜索操作
comm -23 <(sort subset | uniq) <(sort set | uniq) | head -1,文件查看操作
"find ""$somedir"" -type f -exec echo Found unexpected file {} \;",文件搜索操作
ls `readlink somelink`,文件查看操作
[ $(find your/dir -prune -empty) = your/dir ],文件搜索操作
du -csxb /path | md5sum -c file,MD5哈希计算操作
ssh -S my-ctrl-socket -O check jm@sampledomain.com,远程连接
ssh -O check officefirewall,远程连接
readelf -a -W libsomefile.a | grep Class: | sort | uniq,文件查看操作
sudo env,环境设置
"find . -type f -name ""*.php"" -exec php -l {} \;",文件搜索操作
"df $path_in_question | grep "" $path_in_question$""",磁盘操作
df /full/path | grep -q /full/path,磁盘操作
pstree --show-parents -p $$ | head -n 1 | sed 's/\(.*\)+.*/\1/' | grep screen | wc -l,进程操作
rpm -qf `which sort`,软件包操作
bzip2 -t file.bz2,文件压缩操作
groups monit |grep www-data,用户组操作
brew doctor,软件包操作
find . \( -name a.out -o -name '*.o' -o -name 'core' \) -exec rm {} \;,文件删除操作
"find . -type d -name "".svn"" -print | parallel rm -rf",文件删除操作
"find . -type d -name "".svn"" -print | xargs rm -rf",文件删除操作
"kill -9 $(ps -A -ostat,ppid | grep -e '[zZ]'| awk '{ print $2 }')",kill相关操作
"kill $(ps -A -ostat,ppid | awk '/[zZ]/{print $2}')",kill相关操作
unzip -l some-jars-and-textfiles.zip | tr '[:blank:]' \\t | cut -f 5 | grep jar,文件压缩操作
history -c,查看历史命令
history -cr,查看历史命令
history -c,查看历史命令
echo `clear`,清空屏幕操作
clear,清空屏幕操作
"chown $(stat -c%u:%g ""$srcdir"") ""$dstdir""",文件权限操作
"chown $(stat -f%u:%g ""$srcdir"") ""$dstdir""",文件权限操作
screen -X quit,终端会话操作
ssh -S my-ctrl-socket -O exit jm@sampledomain.com,远程连接
"dir=""`echo $dir | sed s,//,/,g`""",环境设置
"paste -d """" - -",文件编辑操作
"diff ""$source_file"" ""$dest_file""",文件对比操作
"diff current.log previous.log | grep "">\|<"" #comparring users lists",文件对比操作
diff -up fastcgi_params fastcgi.conf,文件对比操作
diff -u file1 file2,文件对比操作
"find . -name ""*.csv"" -exec diff {} /some/other/path/{} "";"" -print",文件搜索操作
"find . -okdir diff {} /some/other/path/{} "";""",文件搜索操作
"awk 'NR==1 { print; next } { print $0, ($1 == a && $2 == b) ? ""equal"" : ""not_equal""; a = $1; b = $3 }' file | column -t",文件对比操作
find . -name *.xml -exec diff {} /destination/dir/2/{} \;,文件搜索操作
find . -name '*.h' -execdir /bin/diff -u '{}' /tmp/master ';',文件搜索操作
diff -ENwbur repos1/ repos2/,文件对比操作
"diff -u A1 A2 | grep -E ""^\+""",文件对比操作
comm abc def,文件对比操作
diff -Naur dir1/ dir2,文件对比操作
diff -Nar /tmp/dir1 /tmp/dir2/,文件对比操作
comm <(sort -n f1.txt) <(sort -n f2.txt),文件对比操作
comm <(sort f1.txt) <(sort f2.txt),文件对比操作
diff <(echo hello) <(echo goodbye),文件对比操作
diff <(ls /bin) <(ls /usr/bin),文件对比操作
diff <(zcat file1.gz) <(zcat file2.gz),文件对比操作
"find FOLDER1 -type f -print0 | xargs -0 -I % find FOLDER2 -type f -exec diff -qs --from-file=""%"" '{}' \+",文件对比操作
comm -23 <(ls) <(ls *Music*),文件对比操作
"DST=`dirname ""${SRC}""`/`basename ""${SRC}"" | tr '[A-Z]' '[a-z]'`",环境设置
"g=`dirname ""$f""`/`basename ""$f"" | tr '[A-Z]' '[a-z]'`",环境设置
pstree -p | grep git,进程操作
"FOO=$(echo ""Hello world"" | gzip | base64)",环境设置
gzip archive.tar,文件压缩操作
"hey=$(echo ""hello world"" | gzip -cf)",环境设置
gzip -c my_large_file | split -b 1024MiB - myfile_split.gz_,文件压缩操作
"gzip -c mysqldbbackup.sql | uuencode mysqldbbackup.sql.gz  | mail -s ""MySQL DB"" backup@email.com",文件压缩操作
"gzip ""$file""",文件压缩操作
find /var -iname \*.log | xargs bzip -,文件压缩操作
find /var -iname \*.log -exec bzip {} \;,文件压缩操作
"gzip ""{}""",文件压缩操作
gzip */*.txt,文件压缩操作
"find . -type f -name ""*.txt"" -exec gzip {} \;",文件压缩操作
"find ./ -name ""*.img"" -exec bzip2 -v {} \;",文件压缩操作
find . -name '*.txt' | xargs zip -9 txt.zip,文件压缩操作
find $LOGDIR -type d -mtime +0 -exec compress -r {} \;,文件压缩操作
find $LOGDIR -type d -mtime -1 -exec compress -r {} \;,文件压缩操作
find $PATH_TO_LOGS -maxdepth 1 -mtime +$SOME_NUMBER_OF_DAYS -exec gzip -N {} \;,文件压缩操作
find $FILE -type f -mtime 30 -exec gzip {} \;,文件压缩操作
find $FILE -type f -not -name '*.gz' -mtime 30 -exec gzip {} \;,文件压缩操作
"find $PATH_TO_LOGS -maxdepth 1 -mtime +$SOME_NUMBER_OF_DAYS -exec sh -c ""case {} in *.gz) ;; *)  gzip '{}' ;; esac;"" \;",文件压缩操作
find /source -type f -print0 | xargs -0 -n 1 -P $CORES gzip -9,文件压缩操作
find . -type f -print0 | xargs -0r gzip,文件压缩操作
echo *.txt | xargs gzip -9,文件压缩操作
"sudo find / -xdev -type f -size +100000 -name ""*.log"" -exec gzip -v {} \;",文件压缩操作
"sudo find / -xdev -type f -size +100000 -name ""*.log"" -exec gzip -v {} \; 2>&1 | awk '{print $6}'",文件压缩操作
"sudo find / -xdev -type f -size +100000 -name ""*.log"" -exec gzip {} \; -exec echo {} \;",文件压缩操作
find *.1  -exec tar czf '{}.tgz' '{}' --remove-files \;,文件压缩操作
gzip -k *cache.html,文件压缩操作
"find . -type f -name ""*cache.html"" -exec gzip -k {} \;",文件压缩操作
"find . -type f -name ""*cache.html"" -exec sh -c ""gzip < {} > {}.gz"" \;",文件压缩操作
find folder -type f -exec gzip -9 {} \; -exec mv {}.gz {} \;,文件压缩操作
"find . \! -name ""*.Z"" -exec compress -f {} \;",文件压缩操作
echo gzip. $( gzip | wc -c ),文件压缩操作
gzip,文件压缩操作
find . -type f  -mtime +7 | tee compressedP.list | parallel compress,文件压缩操作
find . -type f  -mtime +7 | tee compressedP.list | xargs -I{} -P10 compress {} &,文件压缩操作
find . -type f  -mtime +7 | tee compressedP.list | xargs compress,文件压缩操作
uuencode <(head -c 200 /dev/urandom | base64 | gzip),文件压缩操作
bzip2 file | tee -a logfile,文件压缩操作
find -name \*.xml -print0 | xargs -0 -n 1 -P 3 bzip2,文件压缩操作
bzip2 *,文件压缩操作
find PATH_TO_FOLDER -maxdepth 1 -type f -exec bzip2 -zk {} \;,文件压缩操作
compress $* &,文件压缩操作
bzip2 -k example.log,文件压缩操作
"find ""$1"" -type f | egrep -v '\.bz2' | xargs bzip2 -9 &",文件压缩操作
"date -ujf%s $(($(date -jf%T ""10:36:10"" +%s) - $(date -jf%T ""10:33:56"" +%s))) +%T",日期操作
find ~/ -name '*.txt' -print0 | xargs -0 wc -w | awk 'END { print $1/(NR-1) }',文件搜索操作
find ~/Journalism  -name '*.txt' -print0 | xargs -0 wc -w | awk '$1 < 2000 {v += $1; c++} END {print v/c}',文件搜索操作
"find . -name '*.txt' -not -name ""all.txt"" | xargs cat > all.txt",文件搜索操作
"pdfunite `find . -name ""*.pdf"" | sort` all.pdf",文件搜索操作
find . -iname '*test*' -exec cat {} \;,文件搜索操作
find . -name '*test*' -exec cat {} \;,文件搜索操作
paste -s -d' \n' input.txt,文件编辑操作
scp -qv $USER@$HOST:$SRC $DEST,文件传输操作
"ssh -S ""$SSHSOCKET"" -O exit ""$USER_AT_HOST""",远程登录操作
"ssh -M -f -N -o ControlPath=""$SSHSOCKET"" ""$USER_AT_HOST""",远程登录操作
"ssh -l ${USERNAME} ${HOSTNAME} ""${SCRIPT}""",远程登录操作
"ssh -o StrictHostKeyChecking=no -l username hostname ""pwd; ls""",远程登录操作
scp -v user@remotehost:/location/KMST_DataFile_*.kms,远程登录操作
scp -v /my_folder/my_file.xml user@server_b:/my_new_folder/,远程登录操作
ssh -o UserKnownHostsFile=/dev/null username@hostname,远程登录操作
scp -P 1234 user@[ip address or host name]:/var/www/mywebsite/dumps/* /var/www/myNewPathOnCurrentLocalMachine,文件传输操作
scp -P 2222 /absolute_path/source-folder/some-file user@example.com:/absolute_path/destination-folder,文件传输操作
scp -c blowfish -r user@your.server.example.com:/path/to/foo /home/user/Desktop/,文件传输操作
yes > backingfile &,文件编辑操作
"find . -name ""*.txt"" \( -exec echo {} \; -o -exec true \; \) -exec grep banana {} \;",文件搜索操作
yes | mv ...,文件重命名
